<?xml version="1.0" encoding="UTF-8"?>
<con:soapui-project id="5a1e1e86-7d43-454d-8e81-acecf11d927a" created="3.9.1" activeEnvironment="Default environment" name="JSONPATH ASSERTION ACTIVITY" resourceRoot="${projectDir}" updated="3.9.1 2021-07-21T11:56:24Z" encryptionMode="Not encrypted" xmlns:con="http://eviware.com/soapui/config">
  <con:settings/>
  <con:interface xsi:type="con:RestService" id="537c8c12-8232-45d0-b26c-41415e329f4f" wadlVersion="http://wadl.dev.java.net/2009/02" name="https://petstore.swagger.io" type="rest" xmlns:xsi="http://www.w3.org/2001/XMLSchema-instance">
    <con:settings/>
    <con:definitionCache type="TEXT" rootPart=""/>
    <con:endpoints>
      <con:endpoint>https://petstore.swagger.io</con:endpoint>
    </con:endpoints>
    <con:resource name="Pet" path="/v2/pet/findByStatus" id="605868c2-0a49-4bfc-b79c-cca9918695c2">
      <con:settings/>
      <con:parameters>
        <con:parameter>
          <con:name>status</con:name>
          <con:style>QUERY</con:style>
        </con:parameter>
      </con:parameters>
      <con:method name="Pet" id="036601ea-3a63-41be-b3af-288c4877e1fc" method="GET">
        <con:settings/>
        <con:parameters/>
        <con:representation type="FAULT">
          <con:mediaType>application/xml</con:mediaType>
          <con:status>405</con:status>
          <con:params/>
          <con:element>apiResponse</con:element>
        </con:representation>
        <con:representation type="RESPONSE">
          <con:mediaType xsi:nil="true"/>
          <con:status>0</con:status>
          <con:params/>
          <con:element>data</con:element>
        </con:representation>
        <con:representation type="RESPONSE">
          <con:mediaType>application/json</con:mediaType>
          <con:status>200</con:status>
          <con:params/>
          <con:element>Response</con:element>
        </con:representation>
        <con:request name="Request 1" id="c8a3b098-3394-47a7-8e13-402869008028" mediaType="application/json">
          <con:settings/>
          <con:endpoint>https://petstore.swagger.io</con:endpoint>
          <con:request/>
          <con:credentials>
            <con:selectedAuthProfile>No Authorization</con:selectedAuthProfile>
            <con:authType>No Authorization</con:authType>
          </con:credentials>
          <con:jmsConfig JMSDeliveryMode="PERSISTENT"/>
          <con:parameters>
            <con:entry key="status" value="sold"/>
          </con:parameters>
          <con:parameterOrder>
            <con:entry>status</con:entry>
          </con:parameterOrder>
        </con:request>
      </con:method>
    </con:resource>
  </con:interface>
  <con:testSuite id="f8d8ec98-8e8f-40b2-b21b-43173d5283f1" name="https://petstore.swagger.io Test Suite">
    <con:settings/>
    <con:runType>SEQUENTIAL</con:runType>
    <con:testCase id="c555b41e-bd1a-4971-8710-af1d95d0e748" discardOkResults="false" failOnError="true" failTestCaseOnErrors="true" keepSession="false" name="https://petstore.swagger.io Test Case 1" searchProperties="true" timeout="0">
      <con:settings/>
      <con:savedRecentRuns>1</con:savedRecentRuns>
      <con:testStep type="restrequest" name="Request 1" id="374a19ae-aeb1-4cc2-966c-9d3475f6121d">
        <con:settings/>
        <con:config service="https://petstore.swagger.io" resourcePath="/v2/pet/findByStatus" methodName="Pet" xsi:type="con:RestRequestStep" xmlns:xsi="http://www.w3.org/2001/XMLSchema-instance">
          <con:restRequest name="Request 1" id="c8a3b098-3394-47a7-8e13-402869008028" mediaType="application/json">
            <con:settings>
              <con:setting id="com.eviware.soapui.impl.wsdl.WsdlRequest@request-headers">&lt;xml-fragment/></con:setting>
            </con:settings>
            <con:endpoint>https://petstore.swagger.io</con:endpoint>
            <con:request/>
            <con:originalUri>https://petstore.swagger.io/v2/pet</con:originalUri>
            <con:assertion type="Valid HTTP Status Codes" id="775272ae-3d89-4f1e-8c9e-3ac99291985e" name="Valid HTTP Status Codes">
              <con:settings/>
              <con:configuration>
                <codes>200</codes>
              </con:configuration>
            </con:assertion>
            <con:assertion type="JsonPath Match" id="d945b7c4-b3f0-4666-a726-8248059ccc69" name="JSONPath Match">
              <con:configuration>
                <path>$[0].['id']</path>
                <content>12</content>
                <allowWildcards>false</allowWildcards>
                <ignoreNamspaceDifferences>false</ignoreNamspaceDifferences>
                <ignoreComments>false</ignoreComments>
              </con:configuration>
            </con:assertion>
            <con:credentials>
              <con:selectedAuthProfile>No Authorization</con:selectedAuthProfile>
              <con:authType>No Authorization</con:authType>
            </con:credentials>
            <con:jmsConfig JMSDeliveryMode="PERSISTENT"/>
            <con:parameters>
              <con:entry key="status" value="sold"/>
            </con:parameters>
            <con:parameterOrder>
              <con:entry>status</con:entry>
            </con:parameterOrder>
          </con:restRequest>
        </con:config>
      </con:testStep>
      <con:properties/>
      <con:reportParameters/>
      <con:breakPoints>
        <con:testStepId>374a19ae-aeb1-4cc2-966c-9d3475f6121d</con:testStepId>
        <con:status>NONE</con:status>
        <con:properties/>
      </con:breakPoints>
    </con:testCase>
    <con:properties/>
    <con:reportParameters/>
  </con:testSuite>
  <con:requirements/>
  <con:properties/>
  <con:wssContainer/>
  <con:databaseConnectionContainer/>
  <con:jmsConnectionContainer/>
  <con:oAuth2ProfileContainer/>
  <con:oAuth1ProfileContainer/>
  <con:reporting>
    <con:xmlTemplates/>
    <con:parameters/>
  </con:reporting>
  <con:eventHandlers type="RequestFilter.filterRequest" name="RequestFilter.filterRequest">
    <con:script>// Sample event script to add custom HTTP header to all outgoing REST, SOAP and HTTP(S) calls
// This code is often used for adding custom authentication to ReadyAPI functional tests

// If hardcoding the token, uncomment and change line 5
// token = '4567'

// If your token is parameterized in Project level custom property, uncomment line 8
// token = request.parent.testCase.testSuite.project.getProperty('auth_token').getValue()

// To modify all outgoing calls, remove comments from lines 11 to 16
// headers = request.requestHeaders
// if (headers.containsKey('auth_token2') == false) {
//   headers.put('auth_token2', token)
//   request.requestHeaders = headers
// }</con:script>
  </con:eventHandlers>
  <con:eventHandlers type="TestRunListener.afterStep" name="TestRunListener.afterStep">
    <con:script>// Save all test step results into files
// Change the directory path in line 5 to a location where you want to store details
// then uncomment lines 5 to 10

// filePath = 'C:\\tempOutputDirectory\\'
// fos = new java.io.FileOutputStream(filePath + testStepResult.testStep.label + '.txt', true)
// pw = new java.io.PrintWriter(fos)
// testStepResult.writeTo(pw)
// pw.close()
// fos.close()</con:script>
  </con:eventHandlers>
  <con:authRepository/>
  <con:tags/>
</con:soapui-project>
