<?xml version="1.0" encoding="UTF-8"?>
<con:soapui-project id="0d95df7e-5168-48c3-9824-c7c4ea4b4d70" created="3.9.1" activeEnvironment="Default environment" name="JDBC CONNECTION ACTIVITY - SAVING DATA" updated="3.9.1 2021-07-21T11:56:24Z" encryptionMode="Not encrypted" resourceRoot="${projectDir}" xmlns:con="http://eviware.com/soapui/config">
  <con:settings/>
  <con:interface xsi:type="con:RestService" id="f2eb741d-181a-40f5-a604-838651d8cc59" wadlVersion="http://wadl.dev.java.net/2009/02" name="http://ipwhois.app" type="rest" xmlns:xsi="http://www.w3.org/2001/XMLSchema-instance">
    <con:settings/>
    <con:definitionCache type="TEXT" rootPart=""/>
    <con:endpoints>
      <con:endpoint>http://ipwhois.app</con:endpoint>
    </con:endpoints>
    <con:resource name="IP" path="/json/{IP}" id="6ce1a918-f595-448e-abba-bf32ba9426ae">
      <con:settings/>
      <con:parameters/>
      <con:method name="IP" id="75c2ac78-ba06-46ad-a7f6-826a61f5bc5d" method="GET">
        <con:settings/>
        <con:parameters>
          <con:parameter required="true">
            <con:name>IP</con:name>
            <con:value>IP</con:value>
            <con:style>TEMPLATE</con:style>
            <con:default>IP</con:default>
            <con:path xsi:nil="true"/>
            <con:description xsi:nil="true"/>
          </con:parameter>
        </con:parameters>
        <con:representation type="RESPONSE">
          <con:mediaType>application/json; charset=utf-8</con:mediaType>
          <con:status>200</con:status>
          <con:params/>
          <con:element xmlns:json="http://ipwhois.app/json/">json:Response</con:element>
        </con:representation>
        <con:request name="Request 1" id="b7ee792a-7285-4756-8340-358451b8f5d7" mediaType="application/json">
          <con:settings/>
          <con:endpoint>http://ipwhois.app</con:endpoint>
          <con:credentials>
            <con:selectedAuthProfile>No Authorization</con:selectedAuthProfile>
            <con:authType>No Authorization</con:authType>
          </con:credentials>
          <con:parameters>
            <con:entry key="IP" value="IP"/>
          </con:parameters>
          <con:parameterOrder>
            <con:entry>IP</con:entry>
          </con:parameterOrder>
        </con:request>
      </con:method>
    </con:resource>
  </con:interface>
  <con:testSuite id="9d1ee33d-9b98-4b64-93e1-6dff864874ac" name="http://ipwhois.app Test Suite">
    <con:settings/>
    <con:runType>SEQUENTIAL</con:runType>
    <con:testCase id="0c226a6b-5c58-4cce-b31f-a249486a29fd" discardOkResults="false" failOnError="true" failTestCaseOnErrors="true" keepSession="false" name="http://ipwhois.app Test Case 1" searchProperties="true" timeout="0">
      <con:settings/>
      <con:savedRecentRuns>1</con:savedRecentRuns>
      <con:testStep type="datasource" name="Data Source" id="6d0379a6-3bd7-41ad-9be3-4d8f604e6924">
        <con:settings/>
        <con:config xsi:type="con:DataSourceStep" xmlns:xsi="http://www.w3.org/2001/XMLSchema-instance">
          <con:dataSource type="Data Generator">
            <con:configuration>
              <generatedDataCount>10</generatedDataCount>
              <generatorsTotalNumber>1</generatorsTotalNumber>
              <lastSelectedProperty>-1</lastSelectedProperty>
              <GeneratorType0>COMP</GeneratorType0>
              <PropertyName0>IP</PropertyName0>
              <repetitionCountIP>0</repetitionCountIP>
              <repeatValuesIP>false</repeatValuesIP>
              <ComputerAddressTypeIP>IPv4</ComputerAddressTypeIP>
              <escapeSpaceSequence/>
            </con:configuration>
          </con:dataSource>
          <con:shared>false</con:shared>
          <con:restartShared>false</con:restartShared>
          <con:property>IP</con:property>
          <con:restartOnRun>true</con:restartOnRun>
        </con:config>
      </con:testStep>
      <con:testStep type="restrequest" name="Request 1" id="df626c04-b998-4540-8461-8bc8ef4e92f4">
        <con:settings/>
        <con:config service="http://ipwhois.app" resourcePath="/json/{IP}" methodName="IP" xsi:type="con:RestRequestStep" xmlns:xsi="http://www.w3.org/2001/XMLSchema-instance">
          <con:restRequest name="Request 1" id="b7ee792a-7285-4756-8340-358451b8f5d7" mediaType="application/json">
            <con:settings>
              <con:setting id="com.eviware.soapui.impl.wsdl.WsdlRequest@request-headers">&lt;xml-fragment/></con:setting>
            </con:settings>
            <con:endpoint>http://ipwhois.app</con:endpoint>
            <con:request/>
            <con:originalUri>http://ipwhois.app/json/</con:originalUri>
            <con:assertion type="Valid HTTP Status Codes" id="21abf39a-b76d-4e1d-91d9-0f20098ad7a7" name="Valid HTTP Status Codes">
              <con:settings/>
              <con:configuration>
                <codes>200</codes>
              </con:configuration>
            </con:assertion>
            <con:assertion type="JsonPath Match" id="bb3b5d3b-0558-49c0-90ae-ac7b32aedbf6" name="JSONPath Match">
              <con:configuration>
                <path>$['country']</path>
                <content>"India"</content>
                <allowWildcards>false</allowWildcards>
                <ignoreNamspaceDifferences>false</ignoreNamspaceDifferences>
                <ignoreComments>false</ignoreComments>
              </con:configuration>
            </con:assertion>
            <con:credentials>
              <con:selectedAuthProfile>No Authorization</con:selectedAuthProfile>
              <con:authType>No Authorization</con:authType>
            </con:credentials>
            <con:jmsConfig JMSDeliveryMode="PERSISTENT"/>
            <con:parameters>
              <con:entry key="IP" value="${Data Source#address}"/>
            </con:parameters>
            <con:parameterOrder>
              <con:entry>IP</con:entry>
            </con:parameterOrder>
          </con:restRequest>
        </con:config>
      </con:testStep>
      <con:testStep type="transfer" name="PropertyTransfer 1" id="03ad31e0-1461-4815-b400-4494867c4429">
        <con:settings/>
        <con:config xsi:type="con:PropertyTransfersStep" xmlns:xsi="http://www.w3.org/2001/XMLSchema-instance">
          <con:transfers setNullOnMissingSource="true" transferTextContent="true" failOnError="true" ignoreEmpty="false" transferToAll="false" entitize="false" transferChildNodes="false">
            <con:name>city</con:name>
            <con:sourceType>Response</con:sourceType>
            <con:sourceStep>Request 1</con:sourceStep>
            <con:sourcePath>$['city']</con:sourcePath>
            <con:targetType>cityName</con:targetType>
            <con:targetStep>Data Sink</con:targetStep>
            <con:targetPath/>
            <con:type>JSONPATH</con:type>
            <con:upgraded>true</con:upgraded>
          </con:transfers>
          <con:transfers setNullOnMissingSource="true" transferTextContent="true" failOnError="true">
            <con:name>latitude</con:name>
            <con:sourceType>Response</con:sourceType>
            <con:sourceStep>Request 1</con:sourceStep>
            <con:sourcePath>$['latitude']</con:sourcePath>
            <con:targetType>latitude</con:targetType>
            <con:targetStep>Data Sink</con:targetStep>
            <con:targetPath/>
            <con:type>JSONPATH</con:type>
            <con:upgraded>true</con:upgraded>
          </con:transfers>
          <con:transfers setNullOnMissingSource="true" transferTextContent="true" failOnError="true" ignoreEmpty="false" transferToAll="false" entitize="false" transferChildNodes="false">
            <con:name>longitude</con:name>
            <con:sourceType>Response</con:sourceType>
            <con:sourceStep>Request 1</con:sourceStep>
            <con:sourcePath>$['longitude']</con:sourcePath>
            <con:targetType>longitude</con:targetType>
            <con:targetStep>Data Sink</con:targetStep>
            <con:targetPath/>
            <con:type>JSONPATH</con:type>
            <con:upgraded>true</con:upgraded>
          </con:transfers>
        </con:config>
      </con:testStep>
      <con:testStep type="datasink" name="Data Sink" id="04d0e477-9615-4e7e-9bed-333a44707de6">
        <con:settings/>
        <con:config xsi:type="con:DataSinkStep" xmlns:xsi="http://www.w3.org/2001/XMLSchema-instance">
          <con:dataSink type="JDBC">
            <con:configuration>
              <driver>com.mysql.jdbc.Driver</driver>
              <connstr>jdbc:mysql://remotemysql.com:3306/CGpfjlbstY?user=CGpfjlbstY&amp;password=PASS_VALUE</connstr>
              <pass>tN2vEMQCb7</pass>
              <Connection>&lt;None></Connection>
              <query>insert into coordinates(cityName,latitude,longitude) values (?,?,?);</query>
              <stored-procedure>false</stored-procedure>
            </con:configuration>
          </con:dataSink>
          <con:properties>
            <con:property>
              <con:name>cityName</con:name>
              <con:value>Gurugram</con:value>
            </con:property>
            <con:property>
              <con:name>latitude</con:name>
              <con:value>28.4594965</con:value>
            </con:property>
            <con:property>
              <con:name>longitude</con:name>
              <con:value>77.0266383</con:value>
            </con:property>
          </con:properties>
        </con:config>
      </con:testStep>
      <con:testStep type="datasourceloop" name="Data Source Loop" id="60368bf7-3d32-4a87-b3c1-4d73134c5a16">
        <con:settings/>
        <con:config>
          <dataSourceStep>Data Source</dataSourceStep>
          <targetStep>Request 1</targetStep>
          <discardResults>true</discardResults>
        </con:config>
      </con:testStep>
      <con:properties/>
      <con:reportParameters/>
      <con:breakPoints>
        <con:testStepId>6d0379a6-3bd7-41ad-9be3-4d8f604e6924</con:testStepId>
        <con:status>NONE</con:status>
        <con:properties/>
      </con:breakPoints>
      <con:breakPoints>
        <con:testStepId>df626c04-b998-4540-8461-8bc8ef4e92f4</con:testStepId>
        <con:status>NONE</con:status>
        <con:properties/>
      </con:breakPoints>
    </con:testCase>
    <con:properties/>
    <con:reportParameters/>
  </con:testSuite>
  <con:savedRecentRuns>1</con:savedRecentRuns>
  <con:requirements/>
  <con:properties/>
  <con:wssContainer/>
  <con:databaseConnectionContainer/>
  <con:jmsConnectionContainer/>
  <con:oAuth2ProfileContainer/>
  <con:oAuth1ProfileContainer/>
  <con:reporting>
    <con:reportTemplates/>
    <con:xmlTemplates/>
    <con:xmlTemplates/>
    <con:parameters/>
    <con:parameters/>
  </con:reporting>
  <con:reporting/>
  <con:eventHandlers type="RequestFilter.filterRequest" name="RequestFilter.filterRequest">
    <con:script>// Sample event script to add custom HTTP header to all outgoing REST, SOAP and HTTP(S) calls
// This code is often used for adding custom authentication to ReadyAPI functional tests

// If hardcoding the token, uncomment and change line 5
// token = '4567'

// If your token is parameterized in Project level custom property, uncomment line 8
// token = request.parent.testCase.testSuite.project.getProperty('auth_token').getValue()

// To modify all outgoing calls, remove comments from lines 11 to 16
// headers = request.requestHeaders
// if (headers.containsKey('auth_token2') == false) {
//   headers.put('auth_token2', token)
//   request.requestHeaders = headers
// }</con:script>
  </con:eventHandlers>
  <con:eventHandlers type="TestRunListener.afterStep" name="TestRunListener.afterStep">
    <con:script>// Save all test step results into files
// Change the directory path in line 5 to a location where you want to store details
// then uncomment lines 5 to 10

// filePath = 'C:\\tempOutputDirectory\\'
// fos = new java.io.FileOutputStream(filePath + testStepResult.testStep.label + '.txt', true)
// pw = new java.io.PrintWriter(fos)
// testStepResult.writeTo(pw)
// pw.close()
// fos.close()</con:script>
  </con:eventHandlers>
  <con:authRepository/>
  <con:tags/>
</con:soapui-project>
